name,performance,target,latest_month_performance
Agent 1,Consistent achiever,10000,11000
Agent 2,Consistent under-achiever,10000,6000
Agent 3,achiever with improved performance for latest month,10000,12000
Agent 4,under-achiever with declined performance for latest month,10000,8000
Agent 5,Consistent achiever,8000,11000
Agent 6,Consistent under-achiever,8000,6000
Agent 7,achiever with improved performance for latest month,8000,10000
Agent 8,under-achiever with declined performance for latest month,8000,5000
Agent 9,Consistent achiever,6000,9000
Agent 10,Consistent under-achiever,6000,2000
Agent 11,achiever with improved performance for latest month,6000,7000
Agent 12,under-achiever with declined performance for latest month,6000,5000
